path,category,lines,priority,status,review_note
.dockerignore,Repository configuration,9,P2,Validate,No file-specific blocker identified; keep only if used and include in clean build/review.
.env.example,Repository configuration,23,P2,Validate,No file-specific blocker identified; keep only if used and include in clean build/review.
.github/workflows/ci.yml,CI,46,P0,Incomplete,"CI cannot currently install with --frozen-lockfile and lacks PostgreSQL, object-storage, browser, container, migration, RLS, restore, and security-scan jobs."
.gitignore,Repository configuration,13,P2,Validate,No file-specific blocker identified; keep only if used and include in clean build/review.
.nvmrc,Repository configuration,2,P2,Validate,No file-specific blocker identified; keep only if used and include in clean build/review.
.prettierignore,Repository configuration,7,P2,Validate,No file-specific blocker identified; keep only if used and include in clean build/review.
.prettierrc.json,Repository configuration,7,P2,Validate,No file-specific blocker identified; keep only if used and include in clean build/review.
AGENTS.md,Repository configuration,12,P2,Validate,No file-specific blocker identified; keep only if used and include in clean build/review.
README.md,Repository configuration,112,P2,Validate,No file-specific blocker identified; keep only if used and include in clean build/review.
apps/web/Dockerfile,Repository configuration,24,P0,Blocked,Frozen install is correct policy but impossible without committed lockfile; prove standalone output and non-root runtime from clean build.
apps/web/next-env.d.ts,Repository configuration,3,P2,Validate,No file-specific blocker identified; keep only if used and include in clean build/review.
apps/web/next.config.ts,Repository configuration,35,P0,Unproven,Workspace packages export TypeScript source but transpilePackages omits application/auth/database/storage/breeding-domain/observation-domain; prove or fix production build boundary.
apps/web/package.json,Repository configuration,41,P1,Validate,Configuration appears coherent statically; prove build graph and runtime packaging on Node 24 with frozen dependencies.
apps/web/src/app/accept-invitation/page.tsx,Web route,19,P1,Workflow review,"Route is persistence-backed unless otherwise noted, but most pages need E2E, accessibility, pagination, empty/error/loading, and duplicate-submit proof."
apps/web/src/app/actions.ts,Web application,538,P0,Defective,"Server actions generate a new random idempotency key per submission, so duplicate clicks/retries are not deduplicated across requests."
apps/web/src/app/admin/audit/page.tsx,Web route,14,P1,Workflow review,"Route is persistence-backed unless otherwise noted, but most pages need E2E, accessibility, pagination, empty/error/loading, and duplicate-submit proof."
apps/web/src/app/admin/jobs/page.tsx,Web route,23,P1,Workflow review,"Route is persistence-backed unless otherwise noted, but most pages need E2E, accessibility, pagination, empty/error/loading, and duplicate-submit proof."
apps/web/src/app/admin/models/page.tsx,Web route,26,P1,Workflow review,"Route is persistence-backed unless otherwise noted, but most pages need E2E, accessibility, pagination, empty/error/loading, and duplicate-submit proof."
apps/web/src/app/admin/system/page.tsx,Web route,30,P1,Workflow review,"Route is persistence-backed unless otherwise noted, but most pages need E2E, accessibility, pagination, empty/error/loading, and duplicate-submit proof."
apps/web/src/app/ai/page.tsx,Web route,34,P1,Workflow review,"Route is persistence-backed unless otherwise noted, but most pages need E2E, accessibility, pagination, empty/error/loading, and duplicate-submit proof."
apps/web/src/app/annotations/page.tsx,Web route,24,P1,Workflow review,"Route is persistence-backed unless otherwise noted, but most pages need E2E, accessibility, pagination, empty/error/loading, and duplicate-submit proof."
apps/web/src/app/api/exports/[id]/route.ts,Web API,40,P1,Security/contract review,"API is authenticated or intentionally public; add integration, rate-limit, adversarial, and error-contract tests."
apps/web/src/app/api/exports/breeding-ledger/route.ts,Web API,57,P1,Security/contract review,"API is authenticated or intentionally public; add integration, rate-limit, adversarial, and error-contract tests."
apps/web/src/app/api/health/route.ts,Web API,6,P1,Security/contract review,"API is authenticated or intentionally public; add integration, rate-limit, adversarial, and error-contract tests."
apps/web/src/app/api/media/[id]/route.ts,Web API,33,P1,Security/contract review,"API is authenticated or intentionally public; add integration, rate-limit, adversarial, and error-contract tests."
apps/web/src/app/api/media/upload/route.ts,Web API,62,P0,Upload hardening gap,"Buffers the full multipart file before enforcing byte limit; lacks quarantine scan/decode pipeline, metadata policy, stable retry semantics, and orphan cleanup."
apps/web/src/app/api/simulations/exact/route.ts,Web API,44,P1,Good boundary with gaps,"Same-origin and key checks are good; add rate limits, structured error envelopes, allele/release validation, payload/depth limits, and advanced job handoff."
apps/web/src/app/api/system/readiness/route.ts,Web API,20,P1,Security/contract review,"API is authenticated or intentionally public; add integration, rate-limit, adversarial, and error-contract tests."
apps/web/src/app/breeding-ledger/page.tsx,Web route,28,P1,Workflow review,"Route is persistence-backed unless otherwise noted, but most pages need E2E, accessibility, pagination, empty/error/loading, and duplicate-submit proof."
apps/web/src/app/catalog/claims/[id]/page.tsx,Web route,24,P1,Workflow review,"Route is persistence-backed unless otherwise noted, but most pages need E2E, accessibility, pagination, empty/error/loading, and duplicate-submit proof."
apps/web/src/app/catalog/loci/[id]/page.tsx,Web route,26,P1,Workflow review,"Route is persistence-backed unless otherwise noted, but most pages need E2E, accessibility, pagination, empty/error/loading, and duplicate-submit proof."
apps/web/src/app/catalog/page.tsx,Web route,83,P1,Workflow review,"Route is persistence-backed unless otherwise noted, but most pages need E2E, accessibility, pagination, empty/error/loading, and duplicate-submit proof."
apps/web/src/app/catalog/releases/[id]/page.tsx,Web route,30,P1,Workflow review,"Route is persistence-backed unless otherwise noted, but most pages need E2E, accessibility, pagination, empty/error/loading, and duplicate-submit proof."
apps/web/src/app/crosses/[id]/page.tsx,Web route,26,P1,Workflow review,"Route is persistence-backed unless otherwise noted, but most pages need E2E, accessibility, pagination, empty/error/loading, and duplicate-submit proof."
apps/web/src/app/crosses/new/page.tsx,Web route,22,P1,Workflow review,"Route is persistence-backed unless otherwise noted, but most pages need E2E, accessibility, pagination, empty/error/loading, and duplicate-submit proof."
apps/web/src/app/crosses/page.tsx,Web route,15,P1,Workflow review,"Route is persistence-backed unless otherwise noted, but most pages need E2E, accessibility, pagination, empty/error/loading, and duplicate-submit proof."
apps/web/src/app/dashboard/page.tsx,Web route,3,P1,Workflow review,"Route is persistence-backed unless otherwise noted, but most pages need E2E, accessibility, pagination, empty/error/loading, and duplicate-submit proof."
apps/web/src/app/experiments/[id]/page.tsx,Web route,18,P1,Workflow review,"Route is persistence-backed unless otherwise noted, but most pages need E2E, accessibility, pagination, empty/error/loading, and duplicate-submit proof."
apps/web/src/app/experiments/page.tsx,Web route,23,P1,Workflow review,"Route is persistence-backed unless otherwise noted, but most pages need E2E, accessibility, pagination, empty/error/loading, and duplicate-submit proof."
apps/web/src/app/families/[id]/page.tsx,Web route,18,P1,Workflow review,"Route is persistence-backed unless otherwise noted, but most pages need E2E, accessibility, pagination, empty/error/loading, and duplicate-submit proof."
apps/web/src/app/germplasm/[id]/page.tsx,Web route,18,P1,Workflow review,"Route is persistence-backed unless otherwise noted, but most pages need E2E, accessibility, pagination, empty/error/loading, and duplicate-submit proof."
apps/web/src/app/germplasm/new/page.tsx,Web route,23,P1,Workflow review,"Route is persistence-backed unless otherwise noted, but most pages need E2E, accessibility, pagination, empty/error/loading, and duplicate-submit proof."
apps/web/src/app/germplasm/page.tsx,Web route,16,P1,Workflow review,"Route is persistence-backed unless otherwise noted, but most pages need E2E, accessibility, pagination, empty/error/loading, and duplicate-submit proof."
apps/web/src/app/globals.css,Web application,139,P2,Validate,No file-specific blocker identified; keep only if used and include in clean build/review.
apps/web/src/app/layout.tsx,Web application,65,P2,Validate,No file-specific blocker identified; keep only if used and include in clean build/review.
apps/web/src/app/observations/session/[id]/page.tsx,Web route,28,P1,Workflow review,"Route is persistence-backed unless otherwise noted, but most pages need E2E, accessibility, pagination, empty/error/loading, and duplicate-submit proof."
apps/web/src/app/onboarding/page.tsx,Web route,34,P1,Workflow review,"Route is persistence-backed unless otherwise noted, but most pages need E2E, accessibility, pagination, empty/error/loading, and duplicate-submit proof."
apps/web/src/app/page.tsx,Web route,36,P1,Workflow review,"Route is persistence-backed unless otherwise noted, but most pages need E2E, accessibility, pagination, empty/error/loading, and duplicate-submit proof."
apps/web/src/app/pedigrees/[materialId]/page.tsx,Web route,18,P1,Workflow review,"Route is persistence-backed unless otherwise noted, but most pages need E2E, accessibility, pagination, empty/error/loading, and duplicate-submit proof."
apps/web/src/app/phenotype-capture/[id]/page.tsx,Web route,72,P1,Workflow review,"Route is persistence-backed unless otherwise noted, but most pages need E2E, accessibility, pagination, empty/error/loading, and duplicate-submit proof."
apps/web/src/app/phenotype-capture/page.tsx,Web route,110,P0,Not real visual analysis,"Width, height, blur, scale, and color-reference facts are operator-entered. Derive machine-observable values from the immutable image and retain human confirmations separately."
apps/web/src/app/phenotypes/images/[id]/page.tsx,Web route,18,P1,Workflow review,"Route is persistence-backed unless otherwise noted, but most pages need E2E, accessibility, pagination, empty/error/loading, and duplicate-submit proof."
apps/web/src/app/phenotypes/images/page.tsx,Web route,31,P1,Workflow review,"Route is persistence-backed unless otherwise noted, but most pages need E2E, accessibility, pagination, empty/error/loading, and duplicate-submit proof."
apps/web/src/app/plants/[id]/page.tsx,Web route,27,P1,Workflow review,"Route is persistence-backed unless otherwise noted, but most pages need E2E, accessibility, pagination, empty/error/loading, and duplicate-submit proof."
apps/web/src/app/plants/page.tsx,Web route,23,P1,Workflow review,"Route is persistence-backed unless otherwise noted, but most pages need E2E, accessibility, pagination, empty/error/loading, and duplicate-submit proof."
apps/web/src/app/reports/page.tsx,Web route,74,P1,Workflow review,"Route is persistence-backed unless otherwise noted, but most pages need E2E, accessibility, pagination, empty/error/loading, and duplicate-submit proof."
apps/web/src/app/research-assistant/page.tsx,Web route,27,P1,Workflow review,"Route is persistence-backed unless otherwise noted, but most pages need E2E, accessibility, pagination, empty/error/loading, and duplicate-submit proof."
apps/web/src/app/research/review/page.tsx,Web route,98,P1,Workflow review,"Route is persistence-backed unless otherwise noted, but most pages need E2E, accessibility, pagination, empty/error/loading, and duplicate-submit proof."
apps/web/src/app/research/sources/[id]/page.tsx,Web route,22,P1,Blocked route,"Only explicit capability placeholder remaining; implement source/document/passage detail, provenance, review, and citation navigation."
apps/web/src/app/scientific-catalog/page.tsx,Web route,50,P1,Workflow review,"Route is persistence-backed unless otherwise noted, but most pages need E2E, accessibility, pagination, empty/error/loading, and duplicate-submit proof."
apps/web/src/app/seed-lots/[id]/page.tsx,Web route,26,P1,Workflow review,"Route is persistence-backed unless otherwise noted, but most pages need E2E, accessibility, pagination, empty/error/loading, and duplicate-submit proof."
apps/web/src/app/seed-lots/page.tsx,Web route,27,P1,Workflow review,"Route is persistence-backed unless otherwise noted, but most pages need E2E, accessibility, pagination, empty/error/loading, and duplicate-submit proof."
apps/web/src/app/selection-plans/[id]/page.tsx,Web route,18,P1,Workflow review,"Route is persistence-backed unless otherwise noted, but most pages need E2E, accessibility, pagination, empty/error/loading, and duplicate-submit proof."
apps/web/src/app/selection-plans/page.tsx,Web route,23,P1,Workflow review,"Route is persistence-backed unless otherwise noted, but most pages need E2E, accessibility, pagination, empty/error/loading, and duplicate-submit proof."
apps/web/src/app/settings/users/page.tsx,Web route,35,P1,Workflow review,"Route is persistence-backed unless otherwise noted, but most pages need E2E, accessibility, pagination, empty/error/loading, and duplicate-submit proof."
apps/web/src/app/settings/workspace/page.tsx,Web route,14,P1,Workflow review,"Route is persistence-backed unless otherwise noted, but most pages need E2E, accessibility, pagination, empty/error/loading, and duplicate-submit proof."
apps/web/src/app/sign-in/page.tsx,Web route,40,P1,Workflow review,"Route is persistence-backed unless otherwise noted, but most pages need E2E, accessibility, pagination, empty/error/loading, and duplicate-submit proof."
apps/web/src/app/simulation-lab/page.tsx,Web route,37,P1,Workflow review,"Route is persistence-backed unless otherwise noted, but most pages need E2E, accessibility, pagination, empty/error/loading, and duplicate-submit proof."
apps/web/src/app/simulation-lab/simulation-form.tsx,Web application,558,P1,Usable but unsafe defaults,"Allows free-form user-declared alleles and generates a new request key per click; needs recorded genotype selection, normalized allele catalog, stable request key, and multi-target/advanced engines."
apps/web/src/app/simulation-lab/weighted-simulation-form.tsx,Web application,91,P1,Partial workflow,"Weighted uncertainty UI is valuable but must use normalized evidence records, probability validation, stable idempotency, and persisted provenance."
apps/web/src/app/simulations/[id]/page.tsx,Web route,23,P1,Workflow review,"Route is persistence-backed unless otherwise noted, but most pages need E2E, accessibility, pagination, empty/error/loading, and duplicate-submit proof."
apps/web/src/app/simulations/new/page.tsx,Web route,3,P1,Workflow review,"Route is persistence-backed unless otherwise noted, but most pages need E2E, accessibility, pagination, empty/error/loading, and duplicate-submit proof."
apps/web/src/app/simulations/page.tsx,Web route,15,P1,Workflow review,"Route is persistence-backed unless otherwise noted, but most pages need E2E, accessibility, pagination, empty/error/loading, and duplicate-submit proof."
apps/web/src/components/capability-page.tsx,Web application,64,P2,Validate,No file-specific blocker identified; keep only if used and include in clean build/review.
apps/web/src/components/invitation-form.tsx,Web application,23,P2,Validate,No file-specific blocker identified; keep only if used and include in clean build/review.
apps/web/src/components/page-primitives.tsx,Web application,47,P2,Validate,No file-specific blocker identified; keep only if used and include in clean build/review.
apps/web/src/components/research-assistant-form.tsx,Web application,48,P2,Validate,No file-specific blocker identified; keep only if used and include in clean build/review.
apps/web/src/lib/database.ts,Web application,24,P2,Validate,No file-specific blocker identified; keep only if used and include in clean build/review.
apps/web/src/lib/environment.ts,Web application,98,P2,Validate,No file-specific blocker identified; keep only if used and include in clean build/review.
apps/web/src/lib/presentation.ts,Web application,25,P2,Validate,No file-specific blocker identified; keep only if used and include in clean build/review.
apps/web/src/lib/session.ts,Web application,58,P1,Privacy/security gap,Trusts x-forwarded-for directly and stores unsalted SHA-256 IP fingerprints; use trusted proxy configuration and keyed HMAC or omit IP fingerprint.
apps/web/src/lib/storage.ts,Web application,23,P2,Validate,No file-specific blocker identified; keep only if used and include in clean build/review.
apps/web/src/proxy.ts,Web application,46,P1,Needs browser proof,"Cookie-presence redirect is not authorization by itself; prove CSP nonce propagation, CSRF/same-origin behavior, public path matching, and production headers in browser tests."
apps/web/tsconfig.json,Repository configuration,13,P1,Validate,Configuration appears coherent statically; prove build graph and runtime packaging on Node 24 with frozen dependencies.
apps/worker-node/Dockerfile,Node worker,13,P0,Blocked,Frozen production install is impossible without lockfile; direct execution of workspace TypeScript source must be proven or replaced with compiled output.
apps/worker-node/package.json,Node worker,25,P1,Validate,Configuration appears coherent statically; prove build graph and runtime packaging on Node 24 with frozen dependencies.
apps/worker-node/src/worker.ts,Node worker,222,P0,Incomplete worker,"Only health and direct Monte Carlo jobs execute; long work has no heartbeat during execution, cancellation is checked only before work, and outbox publication logs full payload instead of delivering to a governed sink."
apps/worker-node/tsconfig.json,Node worker,10,P1,Validate,Configuration appears coherent statically; prove build graph and runtime packaging on Node 24 with frozen dependencies.
apps/worker-python/Dockerfile,Python worker,8,P2,Validate,No file-specific blocker identified; keep only if used and include in clean build/review.
apps/worker-python/pyproject.toml,Python worker,10,P2,Validate,No file-specific blocker identified; keep only if used and include in clean build/review.
apps/worker-python/tests/test_worker.py,Python worker,23,P1,Minimal tests,"Three tests pass but do not validate image processing, storage, job contracts, hostile inputs, or real worker integration."
apps/worker-python/worker.py,Python worker,91,P1,Placeholder boundary,"Health/parity/abstention commands exist but no durable job loop, image decode pipeline, or deterministic phenotype analysis."
apps/worker-r/Dockerfile,R worker,7,P2,Validate,No file-specific blocker identified; keep only if used and include in clean build/review.
apps/worker-r/README.md,R worker,4,P2,Validate,No file-specific blocker identified; keep only if used and include in clean build/review.
apps/worker-r/worker.R,R worker,10,Deferred,Correct abstention,Keep research-only until approved AlphaSimR/statistical protocols and datasets exist; add protocol/version interface and health tests.
docs/ACCEPTANCE_TRACEABILITY.md,Project documentation/evidence,27,P2,Review/update,Documentation is useful but claims must be regenerated from actual runtime evidence after the next sweep.
docs/BUILD_MANIFEST.json,Project documentation/evidence,94,P2,Review/update,Documentation is useful but claims must be regenerated from actual runtime evidence after the next sweep.
docs/CAPSICUM_FILE_BY_FILE_REVIEW_AND_NEXT_SWEEP_GAP_ANALYSIS.md,Project documentation/evidence,365,P2,Review/update,Documentation is useful but claims must be regenerated from actual runtime evidence after the next sweep.
docs/CAPSICUM_NEXT_SWEEP_AUTONOMOUS_AGENT_PROMPT.md,Project documentation/evidence,441,P2,Review/update,Documentation is useful but claims must be regenerated from actual runtime evidence after the next sweep.
docs/DATA_MODEL_AND_MIGRATION_REPORT.md,Project documentation/evidence,69,P2,Review/update,Documentation is useful but claims must be regenerated from actual runtime evidence after the next sweep.
docs/EXECUTION_MEMO.md,Project documentation/evidence,22,P2,Review/update,Documentation is useful but claims must be regenerated from actual runtime evidence after the next sweep.
docs/FILE_CHANGE_LEDGER.md,Project documentation/evidence,151,P2,Review/update,Documentation is useful but claims must be regenerated from actual runtime evidence after the next sweep.
docs/FILE_INVENTORY.txt,Project documentation/evidence,295,P2,Review/update,Documentation is useful but claims must be regenerated from actual runtime evidence after the next sweep.
docs/FINAL_REPORT.md,Project documentation/evidence,19,P2,Review/update,Documentation is useful but claims must be regenerated from actual runtime evidence after the next sweep.
docs/NEXT_SWEEP_FINAL_REPORT.md,Project documentation/evidence,81,P2,Review/update,Documentation is useful but claims must be regenerated from actual runtime evidence after the next sweep.
docs/NEXT_SWEEP_HANDOFF_SHA256SUMS.txt,Project documentation/evidence,4,P2,Review/update,Documentation is useful but claims must be regenerated from actual runtime evidence after the next sweep.
docs/NEXT_SWEEP_SOURCE_SHA256SUMS.txt,Project documentation/evidence,294,P2,Review/update,Documentation is useful but claims must be regenerated from actual runtime evidence after the next sweep.
docs/OPERATIONS_BACKUP_RESTORE_RUNBOOK.md,Project documentation/evidence,127,P2,Review/update,Documentation is useful but claims must be regenerated from actual runtime evidence after the next sweep.
docs/RELEASE_BLOCKERS.md,Project documentation/evidence,40,P2,Review/update,Documentation is useful but claims must be regenerated from actual runtime evidence after the next sweep.
docs/ROADMAP.md,Project documentation/evidence,42,P2,Review/update,Documentation is useful but claims must be regenerated from actual runtime evidence after the next sweep.
docs/ROUTE_INVENTORY.md,Project documentation/evidence,81,P2,Review/update,Documentation is useful but claims must be regenerated from actual runtime evidence after the next sweep.
docs/SCIENTIFIC_AUTHORITY_AND_MODEL_GATES.md,Project documentation/evidence,73,P2,Review/update,Documentation is useful but claims must be regenerated from actual runtime evidence after the next sweep.
docs/SCIENTIFIC_LIMITATIONS.md,Project documentation/evidence,36,P2,Review/update,Documentation is useful but claims must be regenerated from actual runtime evidence after the next sweep.
docs/SECURITY_AND_THREAT_MODEL.md,Project documentation/evidence,94,P2,Review/update,Documentation is useful but claims must be regenerated from actual runtime evidence after the next sweep.
docs/VALIDATION_REPORT.md,Project documentation/evidence,84,P2,Review/update,Documentation is useful but claims must be regenerated from actual runtime evidence after the next sweep.
docs/catalog-reconciliation.json,Project documentation/evidence,36,P2,Review/update,Documentation is useful but claims must be regenerated from actual runtime evidence after the next sweep.
docs/next-sweep-validation.json,Project documentation/evidence,64,P2,Review/update,Documentation is useful but claims must be regenerated from actual runtime evidence after the next sweep.
docs/repository-validation.json,Project documentation/evidence,1931,P2,Review/update,Documentation is useful but claims must be regenerated from actual runtime evidence after the next sweep.
docs/source-handoff/DECISIONS_AND_STOP_CONDITIONS.md,Preserved source specification,34,Reference,Preserve,"Historical source specification or generated evidence; use as requirements/provenance, not proof of implementation."
docs/source-handoff/EXECUTION_PROMPT.md,Preserved source specification,257,Reference,Preserve,"Historical source specification or generated evidence; use as requirements/provenance, not proof of implementation."
docs/source-handoff/FINAL_REPORT_TEMPLATE.md,Preserved source specification,70,Reference,Preserve,"Historical source specification or generated evidence; use as requirements/provenance, not proof of implementation."
docs/source-handoff/MANIFEST.json,Preserved source specification,320,Reference,Preserve,"Historical source specification or generated evidence; use as requirements/provenance, not proof of implementation."
docs/source-handoff/PACKAGE_CONTENTS.md,Preserved source specification,54,Reference,Preserve,"Historical source specification or generated evidence; use as requirements/provenance, not proof of implementation."
docs/source-handoff/README.md,Preserved source specification,49,Reference,Preserve,"Historical source specification or generated evidence; use as requirements/provenance, not proof of implementation."
docs/source-handoff/SHA256SUMS.txt,Preserved source specification,63,Reference,Preserve,"Historical source specification or generated evidence; use as requirements/provenance, not proof of implementation."
docs/source-handoff/SOURCE_PACK_READINESS.md,Preserved source specification,55,Reference,Preserve,"Historical source specification or generated evidence; use as requirements/provenance, not proof of implementation."
docs/source-handoff/START_HERE.md,Preserved source specification,59,Reference,Preserve,"Historical source specification or generated evidence; use as requirements/provenance, not proof of implementation."
docs/source-handoff/VALIDATION_LEDGER.md,Preserved source specification,24,Reference,Preserve,"Historical source specification or generated evidence; use as requirements/provenance, not proof of implementation."
docs/source-handoff/WORKSTREAM_CARDS.md,Preserved source specification,85,Reference,Preserve,"Historical source specification or generated evidence; use as requirements/provenance, not proof of implementation."
docs/source-handoff/checklists/AI_MODEL_RELEASE_GATE.md,Preserved source specification,13,Reference,Preserve,"Historical source specification or generated evidence; use as requirements/provenance, not proof of implementation."
docs/source-handoff/checklists/SCIENTIFIC_RELEASE_GATE.md,Preserved source specification,13,Reference,Preserve,"Historical source specification or generated evidence; use as requirements/provenance, not proof of implementation."
docs/source-handoff/checklists/WEB_RELEASE_GATE.md,Preserved source specification,13,Reference,Preserve,"Historical source specification or generated evidence; use as requirements/provenance, not proof of implementation."
docs/source-handoff/contracts/README.md,Preserved source specification,6,Reference,Preserve,"Historical source specification or generated evidence; use as requirements/provenance, not proof of implementation."
docs/source-handoff/contracts/ai-answer.schema.json,Preserved source specification,85,Reference,Preserve,"Historical source specification or generated evidence; use as requirements/provenance, not proof of implementation."
docs/source-handoff/contracts/catalog-import-record.schema.json,Preserved source specification,49,Reference,Preserve,"Historical source specification or generated evidence; use as requirements/provenance, not proof of implementation."
docs/source-handoff/contracts/phenotype-observation.schema.json,Preserved source specification,99,Reference,Preserve,"Historical source specification or generated evidence; use as requirements/provenance, not proof of implementation."
docs/source-handoff/contracts/simulation-request.schema.json,Preserved source specification,180,Reference,Preserve,"Historical source specification or generated evidence; use as requirements/provenance, not proof of implementation."
docs/source-handoff/contracts/simulation-result.schema.json,Preserved source specification,103,Reference,Preserve,"Historical source specification or generated evidence; use as requirements/provenance, not proof of implementation."
docs/source-handoff/data/Change_Log.csv,Generated scientific data,3,Reference,Preserve,"Historical source specification or generated evidence; use as requirements/provenance, not proof of implementation."
docs/source-handoff/data/Change_Log.json,Generated scientific data,17,Reference,Preserve,"Historical source specification or generated evidence; use as requirements/provenance, not proof of implementation."
docs/source-handoff/data/Data_Dictionary.csv,Generated scientific data,17,Reference,Preserve,"Historical source specification or generated evidence; use as requirements/provenance, not proof of implementation."
docs/source-handoff/data/Data_Dictionary.json,Generated scientific data,131,Reference,Preserve,"Historical source specification or generated evidence; use as requirements/provenance, not proof of implementation."
docs/source-handoff/data/Evidence_Claims.csv,Generated scientific data,24,Reference,Preserve,"Historical source specification or generated evidence; use as requirements/provenance, not proof of implementation."
docs/source-handoff/data/Evidence_Claims.json,Generated scientific data,279,Reference,Preserve,"Historical source specification or generated evidence; use as requirements/provenance, not proof of implementation."
docs/source-handoff/data/Locus_Catalog.csv,Generated scientific data,24,Reference,Preserve,"Historical source specification or generated evidence; use as requirements/provenance, not proof of implementation."
docs/source-handoff/data/Locus_Catalog.json,Generated scientific data,509,Reference,Preserve,"Historical source specification or generated evidence; use as requirements/provenance, not proof of implementation."
docs/source-handoff/data/README.csv,Generated scientific data,22,Reference,Preserve,"Historical source specification or generated evidence; use as requirements/provenance, not proof of implementation."
docs/source-handoff/data/README.json,Generated scientific data,213,Reference,Preserve,"Historical source specification or generated evidence; use as requirements/provenance, not proof of implementation."
docs/source-handoff/data/Research_Backlog.csv,Generated scientific data,13,Reference,Preserve,"Historical source specification or generated evidence; use as requirements/provenance, not proof of implementation."
docs/source-handoff/data/Research_Backlog.json,Generated scientific data,75,Reference,Preserve,"Historical source specification or generated evidence; use as requirements/provenance, not proof of implementation."
docs/source-handoff/data/Sources.csv,Generated scientific data,32,Reference,Preserve,"Historical source specification or generated evidence; use as requirements/provenance, not proof of implementation."
docs/source-handoff/data/Sources.json,Generated scientific data,437,Reference,Preserve,"Historical source specification or generated evidence; use as requirements/provenance, not proof of implementation."
docs/source-handoff/data/Standards.csv,Generated scientific data,7,Reference,Preserve,"Historical source specification or generated evidence; use as requirements/provenance, not proof of implementation."
docs/source-handoff/data/Standards.json,Generated scientific data,45,Reference,Preserve,"Historical source specification or generated evidence; use as requirements/provenance, not proof of implementation."
docs/source-handoff/data/workbook-export-manifest.json,Generated scientific data,62,Reference,Preserve,"Historical source specification or generated evidence; use as requirements/provenance, not proof of implementation."
docs/source-handoff/docs/00_PRODUCT_CHARTER.md,Preserved source specification,46,Reference,Preserve,"Historical source specification or generated evidence; use as requirements/provenance, not proof of implementation."
docs/source-handoff/docs/01_SYSTEM_ARCHITECTURE.md,Preserved source specification,98,Reference,Preserve,"Historical source specification or generated evidence; use as requirements/provenance, not proof of implementation."
docs/source-handoff/docs/02_WEB_APPLICATION_UX_SPEC.md,Preserved source specification,179,Reference,Preserve,"Historical source specification or generated evidence; use as requirements/provenance, not proof of implementation."
docs/source-handoff/docs/03_DATA_MODEL_AND_MIGRATIONS.md,Preserved source specification,86,Reference,Preserve,"Historical source specification or generated evidence; use as requirements/provenance, not proof of implementation."
docs/source-handoff/docs/04_SIMULATION_ENGINE_SPEC.md,Preserved source specification,117,Reference,Preserve,"Historical source specification or generated evidence; use as requirements/provenance, not proof of implementation."
docs/source-handoff/docs/05_AI_AND_RAG_SPEC.md,Preserved source specification,113,Reference,Preserve,"Historical source specification or generated evidence; use as requirements/provenance, not proof of implementation."
docs/source-handoff/docs/06_PHENOTYPE_VISION_SPEC.md,Preserved source specification,97,Reference,Preserve,"Historical source specification or generated evidence; use as requirements/provenance, not proof of implementation."
docs/source-handoff/docs/07_SCIENTIFIC_GOVERNANCE.md,Preserved source specification,73,Reference,Preserve,"Historical source specification or generated evidence; use as requirements/provenance, not proof of implementation."
docs/source-handoff/docs/08_API_AND_CONTRACTS.md,Preserved source specification,39,Reference,Preserve,"Historical source specification or generated evidence; use as requirements/provenance, not proof of implementation."
docs/source-handoff/docs/09_SECURITY_PRIVACY_OPERATIONS.md,Preserved source specification,55,Reference,Preserve,"Historical source specification or generated evidence; use as requirements/provenance, not proof of implementation."
docs/source-handoff/docs/10_TEST_AND_VALIDATION_PLAN.md,Preserved source specification,82,Reference,Preserve,"Historical source specification or generated evidence; use as requirements/provenance, not proof of implementation."
docs/source-handoff/docs/11_DELIVERY_AND_RELEASE_PLAN.md,Preserved source specification,52,Reference,Preserve,"Historical source specification or generated evidence; use as requirements/provenance, not proof of implementation."
docs/source-handoff/docs/12_DEFINITION_OF_DONE.md,Preserved source specification,50,Reference,Preserve,"Historical source specification or generated evidence; use as requirements/provenance, not proof of implementation."
docs/source-handoff/docs/13_ENVIRONMENT_AND_DEPLOYMENT.md,Preserved source specification,51,Reference,Preserve,"Historical source specification or generated evidence; use as requirements/provenance, not proof of implementation."
docs/source-handoff/docs/14_REPO_STRUCTURE_AND_CONVENTIONS.md,Preserved source specification,44,Reference,Preserve,"Historical source specification or generated evidence; use as requirements/provenance, not proof of implementation."
docs/source-handoff/docs/15_VERIFIED_TECH_AND_STANDARDS_BASELINE.md,Preserved source specification,15,Reference,Preserve,"Historical source specification or generated evidence; use as requirements/provenance, not proof of implementation."
docs/source-handoff/source-pack/CAPSICUM_BREEDING_INTELLIGENCE_PLATFORM_IMPLEMENTATION_PLAN.md,Preserved source specification,2011,Reference,Preserve,"Historical source specification or generated evidence; use as requirements/provenance, not proof of implementation."
docs/source-handoff/source-pack/CAPSICUM_GENETICS_DATASET_README_v0_1.md,Preserved source specification,23,Reference,Preserve,"Historical source specification or generated evidence; use as requirements/provenance, not proof of implementation."
docs/source-handoff/source-pack/build_capsicum_catalog.py,Preserved source specification,416,Reference,Preserve,"Historical source specification or generated evidence; use as requirements/provenance, not proof of implementation."
docs/source-handoff/source-pack/capsicum_genetics_evidence_catalog_v0_1.xlsx,Preserved source specification,0,Reference,Preserve,"Historical source specification or generated evidence; use as requirements/provenance, not proof of implementation."
docs/source-handoff/source-pack/capsicum_locus_catalog_v0_1.csv,Preserved source specification,24,Reference,Preserve,"Historical source specification or generated evidence; use as requirements/provenance, not proof of implementation."
docs/source-handoff/source-pack/capsicum_sources_v0_1.csv,Preserved source specification,32,Reference,Preserve,"Historical source specification or generated evidence; use as requirements/provenance, not proof of implementation."
docs/source-handoff/starter-repo-blueprint/.env.example,Preserved source specification,23,Reference,Preserve,"Historical source specification or generated evidence; use as requirements/provenance, not proof of implementation."
docs/source-handoff/starter-repo-blueprint/AGENTS.md,Preserved source specification,15,Reference,Preserve,"Historical source specification or generated evidence; use as requirements/provenance, not proof of implementation."
docs/source-handoff/starter-repo-blueprint/REPOSITORY_TREE.md,Preserved source specification,46,Reference,Preserve,"Historical source specification or generated evidence; use as requirements/provenance, not proof of implementation."
docs/source-handoff/starter-repo-blueprint/VERSION_POLICY.md,Preserved source specification,11,Reference,Preserve,"Historical source specification or generated evidence; use as requirements/provenance, not proof of implementation."
docs/source-handoff/tools/build_capsicum_handoff_pack.py,Preserved source specification,2359,Reference,Preserve,"Historical source specification or generated evidence; use as requirements/provenance, not proof of implementation."
eslint.config.mjs,Repository configuration,23,P2,Validate,No file-specific blocker identified; keep only if used and include in clean build/review.
infra/backup/backup.sh,Infrastructure/operations,41,P1,Unproven,"Database/object bundle logic is useful; add encryption/retention, authoritative reconciliation, failure cleanup, and execute real drills."
infra/backup/restore-test.sh,Infrastructure/operations,39,P1,Insufficient proof,Checks counts rather than authoritative row/object hashes and does not strongly prove target isolation; improve and execute in disposable environment.
infra/compose/docker-compose.yml,Infrastructure/operations,121,P0,Unsafe local defaults/unproven,"Compose is a useful local stack but ships fallback passwords and lacks full proof, networks/resource limits, scanner/ingestion workers, and production separation."
package.json,Repository configuration,45,P0,Blocked,No pnpm-lock.yaml exists although CI and Docker require frozen installs; generate and commit a legitimate lockfile on Node 24.
packages/ai/package.json,Package source/config,25,P1,Validate,Configuration appears coherent statically; prove build graph and runtime packaging on Node 24 with frozen dependencies.
packages/ai/src/hosted.ts,Package source/config,48,P1,Not integrated,Structured hosted answer boundary exists but is not called by application workflow; integrate behind feature/provider/data-policy gates with deterministic fallback and evaluation.
packages/ai/src/index.test.ts,Package source/config,67,P1,Expand,"Unit coverage exists but does not replace PostgreSQL, browser, worker, storage, and concurrency integration proof."
packages/ai/src/index.ts,Package source/config,144,P1,Integrate/test,Source is a meaningful foundation; verify database/contract alignment and add end-to-end use where currently library-only.
packages/ai/tsconfig.json,Package source/config,6,P1,Validate,Configuration appears coherent statically; prove build graph and runtime packaging on Node 24 with frozen dependencies.
packages/application/package.json,Package source/config,34,P1,Validate,Configuration appears coherent statically; prove build graph and runtime packaging on Node 24 with frozen dependencies.
packages/application/src/auth-service.ts,Package source/config,445,P1,Incomplete production auth,"Strong password/session baseline; add trusted-proxy-aware keyed fingerprinting, safer invitation exchange, workspace switching/session management UI, recovery, optional MFA, and abuse controls."
packages/application/src/breeding-service.ts,Package source/config,766,P0,Scientifically unsafe,"Fruit-set advances a cross to verified, generic events can mark harvested without harvest artifacts, progeny seed lots inherit the maternal accession, plant creation does not consume seed inventory, and plant evidence summary mirrors only the latest locus call."
packages/application/src/catalog-service.ts,Package source/config,298,P1,Partially complete,"Review/publication flow is stronger, but source ingestion, allele/variant normalization, supersession UX, rule authoring, and release-wide applicability validation are incomplete."
packages/application/src/export-service.ts,Package source/config,258,P1,Synchronous only,Loads up to 10k rows per section into memory in a request; implement durable streamed background exports and immutable artifacts.
packages/application/src/index.test.ts,Package source/config,9,P0,Insufficient tests,"Only tests a sentinel constant; application services require real PostgreSQL integration, concurrency, RLS, and rollback tests."
packages/application/src/index.ts,Package source/config,13,P1,Integrate/test,Source is a meaningful foundation; verify database/contract alignment and add end-to-end use where currently library-only.
packages/application/src/internal.ts,Package source/config,90,P1,"Good primitive, misused by UI",Database idempotency is multi-instance safe when keys are stable; add failure-state semantics and use stable client-generated keys.
packages/application/src/media-service.ts,Package source/config,138,P1,Retry/reconciliation gap,"Repeated same-object upload conflicts with pending/complete state machine; add explicit idempotency, object reconciliation, quarantine, and deletion/retention workflow."
packages/application/src/observation-service.ts,Package source/config,236,P0,Concurrency/authority defect,Corrections may branch from stale revisions and overwrite current state; definition identity/review state and vocabulary ID/version are not enforced.
packages/application/src/operations-service.ts,Package source/config,92,P1,Read/cancel only,"No canonical enqueue API is exposed for application workflows; add job creation, detailed attempts/logs, retry/admin controls, and worker capability health."
packages/application/src/phenotype-service.ts,Package source/config,256,P1,Incomplete,"Quality gate trusts submitted blur/calibration metadata; wire deterministic worker results, capture-review transitions, measurements, and model promotion workflow."
packages/application/src/research-service.ts,Package source/config,182,P1,Foundation only,"Retrieval is bounded keyword overlap over preexisting passages; no document ingestion/extraction/review pipeline, hybrid retrieval, evaluation, or source detail workflow."
packages/application/src/simulation-service.ts,Package source/config,255,P1,Incomplete authority,Approved releases validate loci but not allele identities; persisted authority conflates exact arithmetic with uncertain biological premises; advanced engines are not integrated.
packages/application/tsconfig.json,Package source/config,6,P1,Validate,Configuration appears coherent statically; prove build graph and runtime packaging on Node 24 with frozen dependencies.
packages/auth/package.json,Package source/config,21,P1,Validate,Configuration appears coherent statically; prove build graph and runtime packaging on Node 24 with frozen dependencies.
packages/auth/src/index.test.ts,Package source/config,35,P1,Expand,"Unit coverage exists but does not replace PostgreSQL, browser, worker, storage, and concurrency integration proof."
packages/auth/src/index.ts,Package source/config,211,P1,Integrate/test,Source is a meaningful foundation; verify database/contract alignment and add end-to-end use where currently library-only.
packages/auth/tsconfig.json,Package source/config,6,P1,Validate,Configuration appears coherent statically; prove build graph and runtime packaging on Node 24 with frozen dependencies.
packages/breeding-domain/package.json,Package source/config,20,P1,Validate,Configuration appears coherent statically; prove build graph and runtime packaging on Node 24 with frozen dependencies.
packages/breeding-domain/src/index.test.ts,Package source/config,61,P1,Expand,"Unit coverage exists but does not replace PostgreSQL, browser, worker, storage, and concurrency integration proof."
packages/breeding-domain/src/index.ts,Package source/config,133,P1,Integrate/test,Source is a meaningful foundation; verify database/contract alignment and add end-to-end use where currently library-only.
packages/breeding-domain/tsconfig.json,Package source/config,6,P1,Validate,Configuration appears coherent statically; prove build graph and runtime packaging on Node 24 with frozen dependencies.
packages/config/package.json,Package source/config,23,P1,Validate,Configuration appears coherent statically; prove build graph and runtime packaging on Node 24 with frozen dependencies.
packages/config/src/index.test.ts,Package source/config,15,P1,Expand,"Unit coverage exists but does not replace PostgreSQL, browser, worker, storage, and concurrency integration proof."
packages/config/src/index.ts,Package source/config,140,P1,Integrate/test,Source is a meaningful foundation; verify database/contract alignment and add end-to-end use where currently library-only.
packages/config/tsconfig.json,Package source/config,6,P1,Validate,Configuration appears coherent statically; prove build graph and runtime packaging on Node 24 with frozen dependencies.
packages/contracts/package.json,Package source/config,24,P1,Validate,Configuration appears coherent statically; prove build graph and runtime packaging on Node 24 with frozen dependencies.
packages/contracts/src/index.test.ts,Package source/config,14,P1,Expand,"Unit coverage exists but does not replace PostgreSQL, browser, worker, storage, and concurrency integration proof."
packages/contracts/src/index.ts,Package source/config,157,P1,Incomplete,Exact request supports only one-locus target and free-form allele strings; add normalized allele/version contracts and distinct authority dimensions.
packages/contracts/src/platform.ts,Package source/config,298,P1,Incomplete,"Core contracts are useful but need stable client request IDs, inventory consumption, cross verification, observation concurrency, allele/assay provenance, advanced simulation, ingestion, and async artifact schemas."
packages/contracts/tsconfig.json,Package source/config,6,P1,Validate,Configuration appears coherent statically; prove build graph and runtime packaging on Node 24 with frozen dependencies.
packages/database/migrations/0001_foundation.sql,Database migration,828,P1,Preserve; extend forward,Do not edit historical migration. Add new migration(s) for normalized allele/variant/marker entities and corrected biological identity/authority invariants.
packages/database/migrations/0002_operations_and_observations.sql,Database migration,358,P1,Preserve; extend forward,"Job and observation foundations are present; add forward constraints for correction concurrency, approved definitions, worker artifacts, and capture-derived metadata."
packages/database/migrations/0003_authenticated_mvp.sql,Database migration,585,P1,Preserve; extend forward,"MVP tables are broad, but cross verification, progeny identity, allele normalization, and operational transitions require forward migration."
packages/database/migrations/0004_runtime_authority_guards.sql,Database migration,324,P1,Needs runtime proof,Promising authority triggers; execute adversarial tests under restricted roles and extend guards to new canonical transition services.
packages/database/migrations/0005_durable_worker_runtime.sql,Database migration,531,P1,Partially integrated,"Durable lease functions exist, but long-running worker heartbeat/cancellation and real job producers/consumers are incomplete."
packages/database/migrations/0006_membership_bound_rls.sql,Database migration,180,P0,Unproven,Membership-bound RLS design is strong but has only a narrow verifier; test every workspace table and mutation path under runtime/worker roles.
packages/database/package.json,Package source/config,29,P1,Validate,Configuration appears coherent statically; prove build graph and runtime packaging on Node 24 with frozen dependencies.
packages/database/scripts/import-catalog.mjs,Package source/config,237,P1,Integrate/test,Source is a meaningful foundation; verify database/contract alignment and add end-to-end use where currently library-only.
packages/database/scripts/migrate.mjs,Package source/config,54,P1,Integrate/test,Source is a meaningful foundation; verify database/contract alignment and add end-to-end use where currently library-only.
packages/database/scripts/provision-roles.mjs,Package source/config,47,P1,Integrate/test,Source is a meaningful foundation; verify database/contract alignment and add end-to-end use where currently library-only.
packages/database/scripts/verify-authority.mjs,Package source/config,146,P1,Too narrow,"Tests a small RLS subset; expand to every workspace-scoped table, revoked membership, invitations, scientific authority, immutable states, and worker-only functions."
packages/database/src/index.test.ts,Package source/config,30,P1,Expand,"Unit coverage exists but does not replace PostgreSQL, browser, worker, storage, and concurrency integration proof."
packages/database/src/index.ts,Package source/config,128,P1,Integrate/test,Source is a meaningful foundation; verify database/contract alignment and add end-to-end use where currently library-only.
packages/database/tsconfig.json,Package source/config,11,P1,Validate,Configuration appears coherent statically; prove build graph and runtime packaging on Node 24 with frozen dependencies.
packages/genetics-advanced/package.json,Package source/config,23,P1,Validate,Configuration appears coherent statically; prove build graph and runtime packaging on Node 24 with frozen dependencies.
packages/genetics-advanced/src/host-pathogen.ts,Package source/config,172,P1,Integrate/test,Source is a meaningful foundation; verify database/contract alignment and add end-to-end use where currently library-only.
packages/genetics-advanced/src/index.test.ts,Package source/config,128,P1,Expand,"Unit coverage exists but does not replace PostgreSQL, browser, worker, storage, and concurrency integration proof."
packages/genetics-advanced/src/index.ts,Package source/config,292,P1,Unintegrated,"Linkage, maternal state, rule graphs, and host-pathogen logic exist as library primitives but are absent from authoritative application/API/UI workflows."
packages/genetics-advanced/src/monte-carlo.ts,Package source/config,292,P1,Unintegrated,"Direct deterministic Monte Carlo exists; enqueue it through durable jobs with result provenance, diagnostics, cancellation, and engine-selection rules."
packages/genetics-advanced/src/rule-graph.ts,Package source/config,205,P1,Integrate/test,Source is a meaningful foundation; verify database/contract alignment and add end-to-end use where currently library-only.
packages/genetics-advanced/tsconfig.json,Package source/config,6,P1,Validate,Configuration appears coherent statically; prove build graph and runtime packaging on Node 24 with frozen dependencies.
packages/genetics-core/package.json,Package source/config,20,P1,Validate,Configuration appears coherent statically; prove build graph and runtime packaging on Node 24 with frozen dependencies.
packages/genetics-core/src/exact.test.ts,Package source/config,184,P1,Expand,"Unit coverage exists but does not replace PostgreSQL, browser, worker, storage, and concurrency integration proof."
packages/genetics-core/src/exact.ts,Package source/config,275,Pass,Strong core,Preserve purity and exact rational invariants; extend only through reviewed contracts and tests.
packages/genetics-core/src/index.ts,Package source/config,6,P1,Integrate/test,Source is a meaningful foundation; verify database/contract alignment and add end-to-end use where currently library-only.
packages/genetics-core/src/invariants.test.ts,Package source/config,23,P1,Expand,"Unit coverage exists but does not replace PostgreSQL, browser, worker, storage, and concurrency integration proof."
packages/genetics-core/src/rational.ts,Package source/config,90,P1,Integrate/test,Source is a meaningful foundation; verify database/contract alignment and add end-to-end use where currently library-only.
packages/genetics-core/src/target-recovery.ts,Package source/config,71,P1,Integrate/test,Source is a meaningful foundation; verify database/contract alignment and add end-to-end use where currently library-only.
packages/genetics-core/src/types.ts,Package source/config,37,P1,Integrate/test,Source is a meaningful foundation; verify database/contract alignment and add end-to-end use where currently library-only.
packages/genetics-core/tsconfig.json,Package source/config,6,P1,Validate,Configuration appears coherent statically; prove build graph and runtime packaging on Node 24 with frozen dependencies.
packages/jobs/package.json,Package source/config,20,P1,Validate,Configuration appears coherent statically; prove build graph and runtime packaging on Node 24 with frozen dependencies.
packages/jobs/src/index.test.ts,Package source/config,59,P1,Expand,"Unit coverage exists but does not replace PostgreSQL, browser, worker, storage, and concurrency integration proof."
packages/jobs/src/index.ts,Package source/config,180,Pass,Useful domain model,Preserve state-machine tests; reconcile it continuously with PostgreSQL worker functions through integration tests.
packages/jobs/tsconfig.json,Package source/config,6,P1,Validate,Configuration appears coherent statically; prove build graph and runtime packaging on Node 24 with frozen dependencies.
packages/observability/package.json,Package source/config,20,P1,Validate,Configuration appears coherent statically; prove build graph and runtime packaging on Node 24 with frozen dependencies.
packages/observability/src/index.test.ts,Package source/config,26,P1,Expand,"Unit coverage exists but does not replace PostgreSQL, browser, worker, storage, and concurrency integration proof."
packages/observability/src/index.ts,Package source/config,50,P1,Integrate/test,Source is a meaningful foundation; verify database/contract alignment and add end-to-end use where currently library-only.
packages/observability/tsconfig.json,Package source/config,6,P1,Validate,Configuration appears coherent statically; prove build graph and runtime packaging on Node 24 with frozen dependencies.
packages/observation-domain/package.json,Package source/config,20,P1,Validate,Configuration appears coherent statically; prove build graph and runtime packaging on Node 24 with frozen dependencies.
packages/observation-domain/src/index.test.ts,Package source/config,15,P1,Expand,"Unit coverage exists but does not replace PostgreSQL, browser, worker, storage, and concurrency integration proof."
packages/observation-domain/src/index.ts,Package source/config,50,P1,Integrate/test,Source is a meaningful foundation; verify database/contract alignment and add end-to-end use where currently library-only.
packages/observation-domain/tsconfig.json,Package source/config,6,P1,Validate,Configuration appears coherent statically; prove build graph and runtime packaging on Node 24 with frozen dependencies.
packages/scientific-catalog/package.json,Package source/config,20,P1,Validate,Configuration appears coherent statically; prove build graph and runtime packaging on Node 24 with frozen dependencies.
packages/scientific-catalog/src/generated/claims.json,Package source/config,421,P1,Integrate/test,Source is a meaningful foundation; verify database/contract alignment and add end-to-end use where currently library-only.
packages/scientific-catalog/src/generated/loci.json,Package source/config,641,P1,Integrate/test,Source is a meaningful foundation; verify database/contract alignment and add end-to-end use where currently library-only.
packages/scientific-catalog/src/generated/sources.json,Package source/config,633,P1,Integrate/test,Source is a meaningful foundation; verify database/contract alignment and add end-to-end use where currently library-only.
packages/scientific-catalog/src/governance.ts,Package source/config,168,P1,Integrate/test,Source is a meaningful foundation; verify database/contract alignment and add end-to-end use where currently library-only.
packages/scientific-catalog/src/index.test.ts,Package source/config,81,P1,Expand,"Unit coverage exists but does not replace PostgreSQL, browser, worker, storage, and concurrency integration proof."
packages/scientific-catalog/src/index.ts,Package source/config,118,P1,Integrate/test,Source is a meaningful foundation; verify database/contract alignment and add end-to-end use where currently library-only.
packages/scientific-catalog/tsconfig.json,Package source/config,6,P1,Validate,Configuration appears coherent statically; prove build graph and runtime packaging on Node 24 with frozen dependencies.
packages/simulation-domain/package.json,Package source/config,25,P1,Validate,Configuration appears coherent statically; prove build graph and runtime packaging on Node 24 with frozen dependencies.
packages/simulation-domain/src/index.test.ts,Package source/config,46,P1,Expand,"Unit coverage exists but does not replace PostgreSQL, browser, worker, storage, and concurrency integration proof."
packages/simulation-domain/src/index.ts,Package source/config,261,P1,Misleading authority,Returns exact_supported for exact arithmetic even when parent premises are assumed/inferred/conflicting; split calculation authority from evidence authority.
packages/simulation-domain/tsconfig.json,Package source/config,11,P1,Validate,Configuration appears coherent statically; prove build graph and runtime packaging on Node 24 with frozen dependencies.
packages/storage/package.json,Package source/config,21,P1,Validate,Configuration appears coherent statically; prove build graph and runtime packaging on Node 24 with frozen dependencies.
packages/storage/src/index.test.ts,Package source/config,16,P1,Expand,"Unit coverage exists but does not replace PostgreSQL, browser, worker, storage, and concurrency integration proof."
packages/storage/src/index.ts,Package source/config,267,P1,Foundation only,"Magic/dimension checks are useful but not a hostile decoder or malware boundary; add stream limits, decode sandbox, metadata stripping, and fuzz fixtures."
packages/storage/tsconfig.json,Package source/config,6,P1,Validate,Configuration appears coherent statically; prove build graph and runtime packaging on Node 24 with frozen dependencies.
packages/test-utils/package.json,Package source/config,20,P1,Validate,Configuration appears coherent statically; prove build graph and runtime packaging on Node 24 with frozen dependencies.
packages/test-utils/src/index.ts,Package source/config,12,P1,Integrate/test,Source is a meaningful foundation; verify database/contract alignment and add end-to-end use where currently library-only.
packages/test-utils/tsconfig.json,Package source/config,6,P1,Validate,Configuration appears coherent statically; prove build graph and runtime packaging on Node 24 with frozen dependencies.
packages/vision/package.json,Package source/config,20,P1,Validate,Configuration appears coherent statically; prove build graph and runtime packaging on Node 24 with frozen dependencies.
packages/vision/src/index.test.ts,Package source/config,31,P1,Expand,"Unit coverage exists but does not replace PostgreSQL, browser, worker, storage, and concurrency integration proof."
packages/vision/src/index.ts,Package source/config,112,P1,Good pure primitive,Deterministic math is safe but no image decoding/segmentation/calibration implementation exists; learned inference correctly abstains.
packages/vision/tsconfig.json,Package source/config,6,P1,Validate,Configuration appears coherent statically; prove build graph and runtime packaging on Node 24 with frozen dependencies.
pnpm-workspace.yaml,Repository configuration,4,P2,Validate,No file-specific blocker identified; keep only if used and include in clean build/review.
scripts/import_catalog.py,Validation/import tooling,323,P2,Validate,No file-specific blocker identified; keep only if used and include in clean build/review.
scripts/validate_repository.py,Validation/import tooling,271,P1,Structural only,Passes marker/file checks but cannot prove runtime behavior; keep as a fast gate and add real integration/E2E/authority validation.
tsconfig.base.json,Repository configuration,21,P2,Validate,No file-specific blocker identified; keep only if used and include in clean build/review.
turbo.json,Repository configuration,11,P2,Validate,No file-specific blocker identified; keep only if used and include in clean build/review.
